{"mae": 17434.01711683461, "r2": 0.9753651101073592, "rows": 2023}