{"mae": 26262.270607714217, "r2": 0.26454563966937517, "rows": 2022}